1,dark,,"Короленка, 19а",Шевченко,
2,green,,"Одеська, 40а",Максимум,
3,dark,,Пушкіна 95а,Автостоянка,
4,,4162,Будьоного 15/31,Михнюк,код дверей 4162
5,dark,,Огібна 19,Коломієць,
6,dark,,Володарського 23,Хохлов,
7,dark,,Чкалова (Степана Бендери) 15а,ФільтрМедіа,
8,dark,,Житомирська 46 кв 160,Халандирьов,таблетка
9,dark,,Зелена 15 ,"склад ""Спайк Плюс""",коричневі двері без ключа
10,dark,,Гоголя 19,"магазин ""Сварог""",без ключа
11,dark,2231,Дзержинського 17 кв 87,Толстуха,код 2231 таблетка
12,dark,,"Гришківці, Чапаєва 102",Діхтяр,?
13,white,,Котовського (Одеська) 55,Лонжерон,
14,,138,Пушкінська 99,,калітка код 138
15,blue1,,Садова 39,"""Рая""",
16,dark,,"Радянське, Бердичівська 102",Сенаторов,
17,dark,,Хозяйственная 6/1,,
18,dark,,"Радянське, Бердичівська 65",,
19,white1,,пров Семенівський 15а,Вторсировина,
20,,,Короленко,Ринок НКС,
21,white,,Річна 24,,
22,red,,Одеська 22,"Торговий центр ""Форум""",
23,red,,Житомирська 98,"(гаражи, цех шкіри) ворота",
24,red,,Нізгурецька 59,Продмаг,
25,,138,Руська 18 кв 50,,код 138
26,,409,Руська 18 кв 98,,код 409
27,green,,Пушкіна 71д,Пахолівецький,
28,yellow,,Сестер Сломницьких (Здоровя) 34а,"магазин ""Фарби""",
29,blue,,Семенівська (Шелушкова) 23 кв 57,Щесняк,
30,,260,Житомирська 39 кв 22,Лисюк,код 260
31,white,,30 річчя перемоги 5 кв 57,Вільман,
32,white,,Володимирська 20,будинок Головенко,
33,,258,Європейська 20 кв 5,,код дверей 258
34,"yellow, red",,"Гришківці, пер Миру (Дзержинського) 8",Оленюк,Два ключі 
35,red,,Серова 4,Кукуруза,
36,red,,Братів Михеєвих 2а кв 13,Дізенко,
37,green,789,Шевченко 23 кв 44 102 110,,код 789 (259)
38,dark,,Вінницька 5/2,Техносклад,
39,red,,Транспортна 36,Ринкевич,
40,red,,Олімпійська (Сабурова) 19,,
41,red,,Житомирська 43 кв 197,,таблетка
42,white,,Пушкіна 72,Ейсмонт,
43,,1986,Косогорського 16,,код 1986
44,red,,Іванківці Шкільна 36,,
45,red,,Граничка 4,котельня,
46,black,,Житомирська 84 б,СТО,написано на брелку
47,yellow,,Ватутіна 49 (1-ий поверх і підвал),Тимофійчук,
48,yellow,,пров. Ботанічний 27,будинок,
49,,259,Красіна 1 кв 15,,код 259
50,,359,Європейська 11 кв 18,,код 359
51,red,,Пушкіна 7,Гаркін,"Знято, нема ключа"
52,green,,Чорновола 9,Правова допомога,
53,yellow,,Червоноармійська 55,,
54,blue,,Крупської 8,Кочан,
55,black,,Іванківці Небесної сотні 2,,
56,blue,,пров Старікова 11 кв 66,,
57,red,90,Житомирська 43 кв 27,Ніжнікова,код 90
58,red,85,Степана Бандери (Чкалова) 15а,,код 85
59,black,90,Житомирська 43 кв 29,Малаховська,код 90
60,red,,Радянське Бердичівська 25,Романенко,одна звязка з 69 брелком
61,,236,Старікова 13 кв 66,,код 236
62,white,,Європейська 107,"ТОВ ""Ласка бердичів""",
63,white,,Січових Стрільців (Комсомольська) 21,д / с,
64,green,,Шевченко 16,"ТЦ ""Шевченківський""",
65,blue,,Лупова 12 кв 17,,
66,,,Красіна 8,"""Глоріон""",
67,blue,,Одеська 38 кв 44,Чумак,
68,yellow,,Урожайна 24,,
69,white,249,Травнева 6,,код 249 одна звязка з 60 брелком
70,yellow,,Іллічевська 36,"""Зорепад""",
71,violet,358,Ватутіна 91,міні маркет,калітка (код 358)
72,blue,,Фабріциуса 53 а (Варшавська),Кущак,
73,yellow,,пров Поштовий 8а кв 18,,
74,green,,пров Трудовий 22,Фурсал,
75,,29,Гришківці Травнева 6,,код 29
76,green,,Білопільська 19,будинок Тимчинський,
77,,137,Карла Маркса 22 кв 71,,код 137
78,red,,Гранична 2а,будинок Ковальчук,
79,blue,,Гришківці Крилова 27,,
80,,38,Руська 12 кв 120,,код 38
81,,27,Ново Іванівська 46 кв 7,,код 27
82,,38,Вінницька 59 кв 31,Капралюк,код 38
83,,,Одеська 60 кв 67,,
84,red,,Сестер Сломницьких (Здоровя) 36/49 кв 1,Шпічак,
85,red,,с. Хажин,будинок Чорноус,
86,,248,вокзал,"""Тасканія гріль""",код 248
87,black,259,Житомирська 20 кв 25,Гуль,259 ??
88,yellow,,Хажинська 13,,
89,green,,Осипенка 24,Андрійчук,
90,green,,Нізгурецька 157,Кругліков,
91,yellow,,Ново Іванівська 19 кв 10,Кравець,
92,blue,,Залізнична 16а,Нова Пошта,венбест
93,,138,30 річчя Перемоги 5 кв 66,,код 138
94,,76,Карастоянової (Мазепи) 29 кв 65,,код 76
95,green,,Гришківці Крилова 29,Кирилюк,
96,white,,пров Ветеринарний 5,,венбест
97,black,,30 річчя Перемоги 18,"магазин ""Мередіан""",калітка
98,violet,,2 пров Південний,Козел,
99,blue,,Гришківці Житніченка 57,Захарчук,
100,blue,,Ковпака (Прорізна) 28 кв 1,,
101,,3678,Європейська 55 кв 7,,код 3678
102,white,,Вінницька 65 кв 23,,
103,blue,,Гришківці Гагаріна 15,,
104,violet,,Низгірці Бердичівська 103,,
105,,50,Джозефа Конрада (Л Карастоянової) 2 кв 5,,код 50
106,white,,Володимирська 12,Лабораторія,"Явір, ворота"
107,,159,Здоровя 2 кв 81,,код 159
108,yellow,,Братів Михеєвих 3,Кравчук Віктор,таблетка
109,green,,Хажин вул Мостова 91,Маркін ,(за Чорноусом)
110,yellow,,Радянське Бердичівська 45,Будинок Іщук,
111,yellow,,Садова 14 кв 25,,
112,,28,Вінницька 45,Квартира Бондар,код 28
113,green,,Радянське,дитячий садок,
114,red,,Польова 76,Мазур,
115,black,,Ватутіна 10а,,
,,,,,
,,,,,
,,,Вінницька 67 кв. 10,звонити в квартиру №2,
,,789,Шевченка 23 кв 41 (3-й ет),Квартира Петренко А Ф,код подъезда 789
,,,Сестер Сломницьких (Здроровя) 2 кв 81,Квартира Гуменюк О Н,
,,,Сестер Сломницьких (Здроровя) 2 кв 87,Квартира Стецюк И В,
,,7,Гришківці вул Старий путь 2а,Будинок Глибко Ю Н,код калитки 7
,,5,Гришківці вул Старий путь 51,Будинок Олянюк Я В,код калитки 5